Tradition,Periods,AvgDurationYears,MedianDurationYears,AvgFaithfulnessChange
Bible-NT,2,65.0,65.0,12.5
Bible-OT,7,228.57142857142858,186.0,3.5714285714285716
Bible-OT/NT,1,370.0,370.0,-10.0
Book of Mormon,7,140.71428571428572,100.0,-1.4285714285714286
Christian Era,1,1720.0,1720.0,-55.0
Restoration,1,205.0,205.0,65.0
